"location","text"
"Orat. 27_1","πρός@p ὁ@damp ἐν@p λόγος@ndmsc κομψός@anamp- ὁ@dnms λόγος@nnmsc καί@cs ἵνα@cs ἀπό@p ὁ@dgfs γραφή@ngfsc ἄρχω@vsam1s εἶδον@viie2s ἐγώ@rpncs ἐπί@p σύ@rpacs ὁ@dafs ὑβρίστρια@anafs- εἰμί@vipa3p γάρ@b εἰμί@vipa3p τις@rpncp ὁ@dnmp ὁ@dafs ἀκοή@nafsc προσκνάομαι@vppenmp καί@cs ὁ@dafs γλῶσσα@nafsc ἤδη@b δέ@b ὡς@cs ὁράω@vipa1s καί@cs ὁ@dafs χείρ@nafsc ὁ@ddmp ἡμέτερος@andmp- λόγος@ndmpc καί@b χαίρω@vppanmp ὁ@ddfp βέβηλος@andfp- κενοφωνία@ndfpc καί@b ἀντίθεσις@ndfpc ὁ@dgfs ψευδώνυμος@angfs- γνῶσις@ngfsc καί@cs ὁ@ddfp εἰς@p οὐδείς@rpans χρήσιμος@anans- φέρω@vppadfp λογομαχία@ndfpc οὕτως@b γάρ@b ὁ@dnms παῦλος@nnmsp καλέω@vipa3s πᾶς@anans- ὁ@dans ἐν@p λόγος@ndmsc περισσός@anans- καί@cs περίεργος@anans- ὁ@dnms ὁ@dgms συντετμημένος@vpregms λόγος@ngmsc κῆρυξ@nnmsc καί@cs βεβαιωτής@nnmsc ὁ@dnms ὁ@dgmp ἁλιέυς@ngmpc μαθητής@nnmsc καί@cs διδάσκαλος@nnmsc οὗτος@rpnmp δέ@b περί@p ὅς@rpgmp ὁ@dnms λόγος@nnmsc εἴθε@cs μέν@b ὥσπερ@cs ὁ@dafs γλῶσσα@nafsc εὔστροφος@anafs- ἔχω@vipa3p καί@cs δεινός@anafs- ἐπιτίθημι@vnae-- λόγος@ndmpc εὐγενής@andmpc τε@b καί@cs δόκιμος@andmpc οὕτως@b τις@rpans καί@b περί@p ὁ@dafp πρᾶξις@nafpc ἀσχολέω@viie3p μικρός@anans- γοῦν@b καί@cs ἴσως@b ἥσσων@anansc ἄν@b εἰμί@viia3p σοφιστής@nnmpc καί@cs κυβιστητής@nnmpc λόγος@ngmpc ἄτοπος@annmp- καί@cs παράδοξος@annmp- ἵνα@cs εἶπον@vsaa1s τις@rpans καί@b γέλοιος@b περί@p γέλοιος@angns- πρᾶγμα@ngnsc"
"Orat. 27_2","επεί@cs δέ@b πᾶς@anafs- εὐσέβεια@ngfsc ὁδός@nafsc καταλύω@vpaanmp πρός@p εἷς@anans- οὗτος@rpans βλέπω@vipa3p μόνος@anans- ὅς@rpans τις@rpans δέω@vifa3p ἤ1@cs λύω@vifa3p ὁ@dgnp προβάλλω@vppegnp καθά@cs ἐν@p ὁ@ddnp θέατρον@ndnpc ὁ@dnmp ὁ@danp πάλαισμα@nanpc δημοσιεύω@vppanmp καί@cs ὁ@dgnp πάλαισμα@ngnpc οὐ@b ὅσος@rpnnp πρός@p νίκη@nafsc φέρω@vipa3s κατά@p νόμος@nampc ἄθλησις@ngfsc ἀλλά@cs ὅσος@rpnnp ὁ@dafs ὄψις@nafsc κλέπτω@vipa3s ὁ@dgnp ἀμαθής@angnp- ὁ@danp τοιοῦτος@rpanp καί@cs συναρπάζω@vipa3s ὁ@dams ἐπαινέτης@namsc καί@cs καί@cs πᾶς@anafs- μέν@b ἀγορά@nafsc περιβομβέω@vnpe-- ὁ@ddmp οὗτος@rpgnp λόγος@ndmpc πᾶς@anans- δέ@b συμπόσιον@nansc ἀποκναίω@vnpe-- φλυαρία@ndfsc καί@cs ἀηδία@ndfsc πᾶς@anafs- δέ@cs ἑορτή@nafsc καί@cs πένθος@nansc ἅπας@anans- ὁ@dafs μέν@b ἀνέορτος@anafs- εἰμί@vnpa-- καί@cs μεστός@anafs- κατήφεια@ngfsc ὁ@dans δέ@b παραμυθέομαι@vnpe-- συμφορά@ndfsc μέγας@andnsc ὁ@ddnp ζήτημα@ndnpc πᾶς@anafs- δέ@cs διοχλέω@vnpe-- γυναικωνῖτις@nafsc ἁπλότης@ndfsc σύντροφος@anans- καί@cs ὁ@dans ὁ@dgfs αἰδώς@ngfsc ἄνθος@nansc ἀποσυλᾶσθαι@vnpe-- ὁ@ddfs περί@p λόγος@namsc ταχύτης@ndfsc ἐπεί@cs οὗτος@rpnnp οὕτως@b καί@cs ὁ@dnns κακός@annns- ἄσχετος@annns- καί@cs ἀφόρητος@annns- καί@b κινδυνεύω@vipa3s τεχνύδρος@ngndc εἰμί@vnpa-- ὁ@dans μέγας@anans- ἐγώ@rpgcp μυστήριον@nansc φέρω@vmpa2s τοσοῦτος@rpans γοῦν@b ἐγώ@rpgcp ἀνέχω@vmpe3p ὁ@dnmp κατάσκοπος@nnmpc σπλάγχνον@ndnpc πατρικός@andnp- κινέω@vppegmp καί@cs ὅς@rpans φημί@vipa3s ὁ@dnms θεῖος2@nnmsc ιερεμίας@ngfsp σπαράσσω@vppegmp ὁ@danp αἰσθητήριον@ananp- ὅσος@rpans μή@b τραχύς@b ὁ@dams περί@p οὗτος@rpgnp δέχομαι@vnam-- λόγος@namsc καί@cs ὁ@dafs γλῶσσα@nafsc μικρός@anans- ἐπέχω@vpaanmp ὅς@rpafs ἄρα@b καί@b δύναμαι@vspe3p ὁ@dafs ἀκοή@nafsc ἐγώ@rpdcp ὑποτίθημι@vppaafs πάντως@b δέ@b οὐδείς@rpans ζημιόω@vifp2p ἤ1@b γάρ@b εἰς@p οὖς@nanpc μελετάω@viaa1p ἀκούω@vppagmp καί@cs τις@anams- καρπός@namsc ἔχω@viaa3s ὁ@dnms λόγος@nnmsc ὁ@dafs ὠφέλεια@nafsc ὁ@dafs ὑμέτερος@anafs- ἐπεί@cs σπείρω@vipa3s μέν@b ὁ@dnms σπείρω@vppanms ὁ@dams λόγος@namsc ἐπί@p πᾶς@anafs- διάνοια@nafsc καρποφορέω@vipa3s δέ@cs ὁ@dnfs καλός@annfs- τε@b καί@cs γόνιμος@annfs- ἤ1@cs ἀπέρχομαι@viaa2p καί@b οὗτος@rpans ἐγώ@rpgmp διαπτύω@vpaanmp καί@cs πλείων@anafsc λαμβάνω@vpaanmp ὕλη@nafsc ἀντιλογία@ngfsc τε@b καί@cs ὁ@dgfs κατά@p ἐγώ@rpgmp λοιδορία@ngfsc ἵνα@cs καί@b μᾶλλον@b σύ@rpacp αὐτός@anamp- ἑστιάω@vsaa2p μή@b θαυμάζω@vsaa2p δέ@b εἰ@cs παράδοξος@anams- ἐρέω@vifa1s λόγος@namsc καί@b παρά@p ὁ@dams ὑμέτερος@anams- νόμος@namsc ὅς@rpnmp πᾶς@ananp- οἶδα@vnra-- τε@b καί@cs διδάσκω@vnpa-- ὑπισχνέομαι@vipe2p λίαν@b νεανικός@b καί@cs γενναῖος@b ἵνα@cs μή@b λυπέω@vspa1s λέγω3@vppanms ἀμαθής@b καί@cs θρασύς@b"
"Orat. 27_3","οὐ@b πᾶς@angns- ὦ@i οὗτος@rpvmp ὁ@dans περί@p θεός@ngmsc φιλοσοφέω@vnpa-- οὐ@b πᾶς@angns- οὐ@b οὕτως@b ὁ@dnns πρᾶγμα@nnnsc εὔωνος@annns- καί@b ὁ@dgmp χαμαί@b ἔρχομαι@vppegmp προστίθημι@vifa1s δέ@b οὐ@b δέ@x πάντοτε@b οὐ@b δέ@x πᾶς@andmp- οὐ@b δέ@cs πᾶς@ananp- ἀλλά@cs εἰμί@vipa3s ὅτε@cs καί@cs ὅς@rpdnp καί@cs ἐπί@p ὅσος@anans- οὐ@b πᾶς@angnp- μέν@b ὅτι@cs ὁ@dgmp ἐξετάζω@vpregmp καί@cs διαβαίνω@vpragmp ἐν@p θεωρία@ndfsc καί@cs πρό@p οὗτος@rpgnp καί@b ψυχή@nafsc καί@cs σῶμα@nansc καθαίρω@vpregmp ἤ1@cs καθαίρω@vppegmp ὁ@dnns μέτριος@annnss μή@b καθαρός@andns- γάρ@b ἅπτω@vnpe-- καθαρός@angns- τυγχάνω@vpaanns οὐ@b δέ@cs ἀσφαλής@annns- ὥσπερ@cs οὐ@b δέ@cs ὄψις@ndfsc σαθρός@andfs- ἡλιακός@angfs- ἀκτίς@ngfsc ὅτε@rpans δέ@b ἡνίκα@cs ἄν@b σχολή@nafsc ἄγω@vspa1p ἀπό@p ὁ@dgfs ἔξωθεν@b ἰλύς@ngfsc καί@cs ταραχή@ngfsc καί@cs μή@b ὁ@dnns ἡγεμονικός@annns- ἐγώ@rpgcp συγχέω@vspe3s ὁ@ddmp μοχθηρός@andmp- τύπος@ndmpc καί@cs πλανάω@vppedmp οἷος@rpans γράμμα@ndnpc πονηρός@andnp- ἀναμίσγω@vppagnp κάλλος@nanpc γράμμα@ngnpc ἤ1@cs βόρβορος@ndmsc μύρον@ngnpc εὐωδία@nafsc δεῖ@vipa3s γάρ@x ὁ@ddns εἰμί@vppadns σχολάζω@vnaa-- καί@cs γιγνώσκω@vnaa-- θεός@namsc καί@cs ὅταν@cs λαμβάνω@vsaa1p καιρός@namsc κρίνω@vnpa-- θεολογία@ngfsc εὐθύτης@nafsc τις@rpdmp δέ@b ὅς@rpdmp ὁ@dnns πρᾶγμα@nnnsc διά@p σπουδή@ngfsc καί@cs οὐ@b ὡς@cs εἷς@nansc τις@rpans ὁ@dgnp ἄλλος@rpgnp καί@b οὗτος@rpnns φλυαρέω@vipe3s ἡδέως@b μετά@p ὁ@damp ἱππικός@nampc καί@cs ὁ@danp θέατρον@nanpc καί@b ὁ@danp ᾆσμα@nanpc καί@b ὁ@dafs γαστήρ@nafsc καί@cs ὁ@danp ὑπό@p γαστήρ@nafsc ὅς@rpdmp καί@b οὗτος@annns- μέρος@nnnsc τρυφή@ngfsc ὁ@dnfs περί@p οὗτος@rpanp ἐρεσχελία@nnfsc καί@cs κομψεία@nnfsc ὁ@dgfp ἀντίθεσις@ngfpc τις@rpams δέ@b φιλοσοφητέον@annns- καί@cs ἐπί@p πόσος@anans- ὅσος@rpnnp ἐγώ@rpdcp ἐφικτός@annnp- καί@cs ἐπί@p ὅσος@anans- ὁ@dnfs ὁ@dgms ἀκούω@vppagms ἕξις@nnfsc ἐφικνέομαι@vipe3s καί@cs δύναμις@nnfsc ἵνα@cs μή@b καθά@cs ὁ@dnfp ὑπερβάλλω@vppanfp ὁ@dgfp φωνή@ngfpc ἤ1@cs ὁ@dgfp τροφή@ngfpc ὁ@dafs ἀκοή@nafsc βλάπτω@vipa3p ἤ1@cs ὁ@danp σῶμα@nanpc εἰ@cs βούλομαι@vipe2s δέ@b ὁ@dgnp φορτίον@ngnpc ὁ@danp ὑπέρ@p δύναμις@nafsc ὁ@damp ὑποβαίνω@vppaamp ἤ1@cs ὁ@dafs γῆ@nafsc ὁ@dgmp ὑετός@ngmpc ὁ@dnmp σφοδρός@annmpc οὕτως@b δή@b καί@b οὗτος@rpnmp ὁ@ddmp στερρός@andmp- ἵνα@cs οὕτως@b εἶπον@vsaa1s ὁ@dgmp λόγος@ngmpc καταπίεζομαι@vpapnmp καί@cs βαρύνω@vpapnmp ζημιόω@voap3p καί@cs εἰς@p ὁ@dafs ἀρχαῖος@anafs- δύναμις@nafsc"
"Orat. 27_4","καί@b οὐ@b λέγω3@vipa1s οὗτος@rpans μή@b δεῖ@vnpa-- πάντοτε@b μιμνήσκω@vnre-- θεός@ngmsc μή@b πάλιν@b ἐπιφύω@vmpe3p ἐγώ@rpdmp ὁ@dnmp πᾶς@ananp- εὔκολος@annmp- καί@cs ταχύς@annmp- μνημονευτέον@annns- γάρ@x θεός@ngmsc μᾶλλον@b ἤ1@cs ἀναπνευστέος@annns- καί@b εἰ@cs οἷος@annns- τε@b οὗτος@rpans εἶπον@vnaa-- μη@b δέ@cs ἄλλος@annns- τις@rpans ἤ1@cs οὗτος@rpnns πρακτέος@annns- καί@b ἐγώ@rpnms ὁ@dgmp ἐπαινέω@vppagmp εἰμί@vipa1s ὁ@dams λόγος@namsc ὅς@rpnms μελετάω@vppanms ἡμέρα@ngfsc καί@cs νύξ@ngfsc διακελεύομαι@vipe3s καί@b ἑσπέρα@ngfsc καί@cs πρωί@b καί@cs μεσημβρία@nnfsc διηγέομαι@vnpe-- καί@cs εὐλογέω@vnpa-- ὁ@dams κύριος@namsc ἐν@p πᾶς@andms- καιρός@ndmsc εἰ@cs δεῖ@vipa3s καί@b ὁ@rpans μωυσῆς@ngmsp εἶπον@vnaa-- κοιτάζω@vppeams διανίσταμαι@vppeams ὁδοιπορέω@vppaams ὅς@rpans τις@rpans οὖν@b ἄλλος@rpans πράσσω@vppaams καί@cs τῆ@dafs μνήμη@nafsc τυπόω@vnpe-- πρός@p καθαρότης@nafsc ὥστε@b οὐ@b ὁ@dans μιμνήσκω@vnre-- δῖος@voaa3s νεκῶς@b κωλύω@vipa1s ὁ@dans θεολογέω@vnpa-- δέ@x οὐ@b δέ@cs ὁ@dafs θεολογία@nafsc ὥσπερ@cs ἀσεβής@annns- ἀλλά@cs ὁ@dafs ἀκαιρία@nafsc οὐ@b δέ@cs ὁ@dafs διδασκαλία@nafsc ἀλλά@cs ὁ@dafs ἀμετρία@anafs- ἤ1@cs μέλι@ngnsc μέν@b πλησμονή@nnfsc καί@cs κόρος@nnmsc ἔμετος@anans- ἐργάζομαι@vipe3s καίπερ@b εἰμί@vppagns μέλι@ngnsc καί@cs καιρός@nnmsc ὁ@ddns πᾶς@andns- πρᾶγμα@ndnsc ὡς@cs σολομών@ndmsp καί@b ἐγώ@rpdcs δοκέω@vipa3s καί@cs ὁ@dnns καλός@annns- οὐ@b καλός@annns- ὅταν@cs μή@b καλός@b γίγνομαι@vspe3s ὥσπερ@cs ἄνθος@nnnsc ἐν@p χειμών@ndmsc παντελής@b ἄωρος@annns- καί@cs γυνή@ndfpc κόσμος@nnmsc ἀνδρεῖος@annms- ἤ1@cs γυναικεῖος@annms- ἀνήρ@ndmpc καί@cs πένθος@ndfsc γεωμετρία@annfs- καί@cs πότος@ndmsc δάκρυον@nnnsc ἐνταῦθα@b δέ@b μόνος@anams- ὁ@dams καιρός@namsc ἀτιμάζω@vifa1p ὅς@rpgms μάλιστα@b τιμητέος@annns- ὁ@dans εὔκαιρος@anans-"
"Orat. 27_5","μηδαμῶς@b ὦ@i φίλος@anvmp- καί@cs ἀδελφός@nvmpc ἀδελφός@nampc γάρ@b σύ@rpamp ἔτι@b καλέω@vipa1s καίπερ@b οὐ@b ἀδελφικός@b ἔχω@vppaamp μή@b οὕτως@b διανοέομαι@vspe1p μη@b δέ@cs καθά@cs ἵππος@nnmpc θερμός@annmp- καί@cs δυσκάθεκτος@annmp- ὁ@dams ἐπιβάτης@namsc λογισμός@namsc ἀπορρίπτω@vpaanmp καί@cs ὁ@dafs καλός@b ἄγχω@vppaafs εὐλάβεια@nafsc ἀποπτύω@vpaanmp πρόσω@b ὁ@dgfs νύσσα@ngfsc τίθημι@vspa1p ἀλλά@b εἴσω@p ὁ@dgmp ἡμέτερος@angmp- ὅρος@ngmpc φιλοσοφέω@vspa1p καί@b μή@b εἰς@p αἴγυπτος@nafsp ἐκφέρω@vipe1p μη@b δέ@b εἰς@p ἀσσύριοι@nampp κατασυρ@vipe1p ἔρομαι@vipe1p μη@b δέ@cs ἀείδω@vspa1p ὁ@dafs ᾠδή@nafsc κύριος@ngmsc ἐπί@p γῆ@ngfsc ἀλλότριος@angfs- πᾶς@angfs- ἀκοή@ngfsc λέγω3@vipa1s ξένη@angfs- τε@b καί@cs ἡμέτερος@angfs- ἐχθρός@angfs- καί@cs φιλία@ngfsc εὐγνώμων@angfs- καί@cs ἀγνώμων@angfs- ἤ1@cs λίαν@b ἐπιμελής@b τηρέω@vipa3s ὁ@danp ἡμέτερος@ananp- καί@cs βούλομαι@vope3s ἄν@b ὁ@dams σπινθῆρα@namsc ὁ@dgnp ἐν@p ἐγώ@rpdmp κακός@angnp- γίγνομαι@vnam-- φλόξ@namsc ἀνάπτω@vipa3s τε@b καί@b ἀναρριπίζω@vipa3s καί@b εἰς@p οὐρανός@namsc αἴρω@vipa3s ὁ@ddfp παρά@p ἑαυτοῦ@rpgfs αὔρα@ndfpc λανθάνω@vppanfs καί@cs ποιέω@vipa3s ὁ@dgfs βαβυλωνία@ngfsp φλόξ@ngfsc ὁ@danp κύκλος@ndmsc καταφλέγω@vppagfs ὑψηλός@anafsc ἐπεί@cs γάρ@b οὐ@b ἐν@p ὁ@ddnp ἑαυτοῦ@rpgmp δόγμα@ndnpc ἔχω@vipa3p ὁ@dafs ἰσχύς@nafsc ἐν@p ὁ@ddnp ἡμέτερος@andnp- σαθρός@ndnpc οὗτος@rpafs θ@nanpc ρεύω@vipa3p καί@cs διά@p οὗτος@rpans ὥσπερ@cs εἰ@annfp- μυῖα@annfp- ὁ@ddnp τραῦμα@ndnpc οὕτως@b ὁ@ddnp ἡμέτερος@andnp- ἐπιτίθημι@vipe3p εἰ@cs τε@b ἀτύχημα@ndnpc λέγω3@vnpa-- εἰ@cs τε@cs ἁμάρτημα@ndnpc ἀλλά@b ἐγώ@rpnmp γε@b μή@b ἐπί@p πλείων@anansc ἐγώ@rpamp αὐτός@anamp- ἀγνοέω@vsaa1p μη@b δέ@cs ὁ@dans περί@p οὗτος@rpanp κόσμιος@anans- ἀτιμάζω@vsaa1p ἀλλά@b εἰ@cs μή@b ὁ@dafs ἔχθρα@nafsc καταλύω@vnam-- δυνατός@annns- ἐκεῖνος@rpans γε@b συμβαίνω@vsaa1p ἀλλήλων@rpdmp μυστικός@b ὁ@danp μυστικός@ananp- φθέγγομαι@vnpe-- καί@b ἅγιος@b ὁ@danp ἅγιος@ananp- καί@cs μή@b ῥίπτω@vnpa-- εἰς@p βέβηλος@anafp- ἀκοή@nafpc ὁ@danp μή@b ἔκφορος@ananp- μη@b δέ@cs σεμνός@anampc ἐγώ@rpgmp ἀποφαίνω@vspa1p ὁ@damp προσκυνέω@vppaamp ὁ@ddmp δαιμόνιον@ndmpc καί@cs ὁ@dgmp αἰσχρός@angmp- μῦθος@ngmpc καί@cs πρᾶγμα@ngnpc θεραπευτής@nampc οἰ@rpnmp ταχύς@anansc ἄν@b ὁ@dgns αἷμα@ngnsc ἤ1@cs λόγος@ngmpc εἰμί@vipa3s ὅς@rpgmp μεταδίδωμι@voaa3p ὁ@ddmp ἀμύητος@andmp- ἀλλά@cs οἶδα@vsra1p ὥσπερ@cs ἐσθής@ngfsc καί@b δίαιτα@ngfsc καί@b γέλως@ngmsc καί@cs βάδισμα@ngnsc εἰμί@vppaafs τις@rpacs κοσμιότης@nafsc οὕτως@b καί@b λόγος@ngmsc καί@cs σιωπή@ngfsc ὅτι@cs καί@b λόγος@namsc πρεσβεύω@vipa1p μετά@p ὁ@dgfp ἄλλος@angfp- ὁ@dgms θεός@ngmsc προσηγορία@ngfpc καί@cs δύναμις@ngfpc εἰμί@vmpa3s καί@b ὁ@dnns φιλόνεικος@annns- ἐγώ@rpgcp ἔννομος@annns-"
"Orat. 27_6","τίς@ngmsp γέννησις@nafsc ἀκούω@vipa3s θεός@ngmsc καί@cs κτίσις@nafsc καί@cs θεός@namsc οὐ@b εἰμί@vppagmp καί@cs τομή@nafsc καί@cs διαίρεσις@nafsc καί@cs ἀνάλυσις@nafsc ὁ@dnms πικρός@annms- ὁ@dgnp λέγω3@vppegnp ἀκροατής@nnmsc τίς@rpans δικαστής@nampc ὁ@damp κατήγορος@anamp- καθίζω@vipa1p τίς@rpans ὁ@danp ξίφος@nanpc ὁ@ddmp ἐχθρός@andmp- ἐγχειρίζω@vifa1p πῶς@b οἴομαι@vipe2s δέχομαι@vifm3s ὁ@dams περί@p οὗτος@rpgmp λόγος@namsc ἤ1@cs μετά@p οἷος@angfs- ὁ@dgfs διάνοια@ngfsc ὁ@dnms ὁ@dafp μοιχεία@nafpc ἐπαινέω@vppanms καί@cs ὁ@dafp παιδοφθορία@nafpc καί@b προσκυνέω@vppanms ὁ@danp πάθος@nanpc καί@cs μηδείς@rpans ὑπέρ@p ὁ@dans σῶμα@nansc διανοέομαι@vnap-- δύναμαι@vppenms ὁ@dnms χθές@b καί@cs πρώην@b ἑαυτοῦ@rpdms ἵστημι@vpaanms θεός@nampc καί@cs οὗτος@rpamp ἐπί@p ὁ@ddnp αἰσχρός@andnps γιγνώσκω@vifa1s γνωρίζω@vpfeamp οὐ@b ὑλικός@b οὐ@b αἰσχρός@b οὐ@b ἀμαθής@b οὐ@b ὡς@cs ἔθω@vira3s οὐ@b συνήγορος@anafs- ὁ@dgmp οἰκεῖος@angmp- θεός@ngmpc καί@cs πάθος@ngnpc ὁ@dafs σός@anafs- θεολογία@nafsc ποιέω@vifm3s εἰ@cs γάρ@b αὐτός@rpnmp ὁ@ddfp φωνή@ndfpc οὗτος@andfp- ἐπηρεάζω@viia1p σχολή@ndfsc γ@b ἄν@b ἐκεῖνος@rpamp πείθω@voaa1p φιλοσοφέω@vnpa-- ἐν@p ὁ@ddnp ἡμέτερος@andnp- καί@b εἰ@cs παρά@p ’@p ἑαυτοῦ@rpgmp εἰμί@vipa3p ἐφευρετής@nnmpc κακός@angnp- ποτέ@b ἄν@b ὁ@dgnp δίδωμι@vppegnp ἀπέχω@voam3p οὗτος@rpanp ἐγώ@rpdcp ὁ@dnms πρός@p ἀλλήλων@rpamp πόλεμος@nnmsc οὗτος@rpanp ὁ@dnmp πλείων@anansc ὑπέρ@p ὁ@dgms λόγος@ngmsc μάχομαι@vppenmp ἤ1@cs ὅσος@annns- ἀρέσκω@vipa3s ὁ@ddms λόγος@ndmsp καί@cs ὁ@dans αὐτός@rpans πάσχω@vppanmp ὁ@ddmp μαίνομαι@vppedmp οἰ@rpnmp ὁ@damp ἴδιος@anamp- οἶκος@nampc ἀνάπτω@vipa3p ἤ1@b ὁ@damp παῖς@nampc σπαράσσω@vipa3p ἤ1@cs ὁ@damp γονεύς@nampc περιωθέω@vipa3p ὡς@b ἀλλότριος@anamp- νομίζω@vppanmp"
"Orat. 27_7","ἐπει@cs δέ@b ἀποσκευάζω@viam1p ὁ@dgms λόγος@ngmsc ὁ@dans ἀλλότριος@anans- καί@cs εἰς@p ὁ@dafs ἀγέλη@nafsc ὁ@dgmp χοῖρος@ngmpc ἀποπέμπω@viam1p ὁ@dams πολύς@anams- λεγεών@namsc κατά@p βυθός@ngmpc οὖν@rpgmp χωρέω@vpaaams ὅς@rpnns δεύτερος@annns- εἰμί@vipa3s πρός@p ἐγώ@rpa-p αὐτός@anamp- εἶδον@vsaa1p καί@cs ξέω@vsaa1p εἰς@p κάλλος@nansc ὥσπερ@cs ἀνδρι@ndmsc ἄντα@b ὁ@dams θεόλογος@anams- ἐκεῖνος@rpans δέ@b πρῶτος@anans- λογίζομαι@viae2p τις@rpnfs ὁ@dnfs τοσοῦτος@annfs- περί@p ὁ@dams λόγος@namsc φιλοτιμία@nnfsc καί@cs γλωσσαλγία@nnfsc τις@annfs- ἤ1@cs καινός@annfs- νόσος@nnfsc οὗτος@rpnfs καί@cs ἀπληστία@annfs- τίς@rpans ὁ@dafp χείρ@nafpc δέω1@vpaanmp ὁ@dafp γλῶσσα@nafpc ὁπλίζω@viaa1p οὐ@b φιλοξενία@nafsc ἐπαινέω@vipa1p οὐ@b φιλαδελφία@nafsc οὐ@b φιλανδρία@nafsc οὐ@b παρθενία@nafsc οὐ@b πτωχοτροφία@anafs- θαυμάζω@vipa1p οὐ@b ψαλμῳδία@nafsc οὐ@b πάννυχος@anafs- στάσις@nafsc οὐ@b δάκρυον@nansc οὐ@b ὁ@dans σῶμα@nansc νηστεία@ndfpc ὑποπιέζω@vipa1p οὐ@b διά@p εὐχή@ngfsc πρός@p θεός@namsc ἐκδημέω@vipa1p οὐ@b ὁ@ddns κρατύς@andnsc ὁ@dans χείρων@anansc ὑποζεύγνυμι@vipa1p ὁ@dams χοῦς@namsc λέγω3@vipa1s ὁ@ddns πνεῦμα@ndnsc ὡς@cs ἄν@b ὁ@dnmp ὁ@ddns κράμα@ndnsc δίκαιος@b δικάζω@vppanmp οὐ@b μελέτη@nafsc θάνατος@ngmsc ὁ@dams βίος@namsc ποιέω@vipe1p οὐ@b ὁ@dgnp πάθος@ngnpc δεσπότης@nnmpc καθίστημι@vipe1p μιμνήσκω@vprenmp ὁ@dgfs ἄνωθεν@b εὐγένεια@ngfsc οὐ@b θυμός@namsc τιθασσεύω@vipa1p ἐξοιδέω@vppaams καί@cs ἀγριαίνω@vppaams οὐ@b ἔπαρσις@ndnpc κατά@p βάλλω@vppaafs οὐ@b λύπη@nafsc ἀλόγιστος@anafs- οὐ@b ἡδονή@nafsc ἀπαίδευτος@anafs- οὐ@b γέλως@namsc πορνικός@anams- οὐ@b ὄψις@nafsc ἄτακτος@anafs- οὐ@b ἀκοή@nafsc ἄπληστος@anams- οὐ@b λόγος@namsc ἄμετρος@anams- οὐ@b διάνοια@nafsc ἔκτοπος@anafs- οὐ@b ὅσος@ananp- παρά@p ἐγώ@rpgmp ὁ@dnms πονηρός@annms- κατά@p ’@p ἐγώ@rpgmp λαμβάνω@vipa3s ὁ@dams διά@p ὁ@dgfp θυρίς@ngfpc ὡς@cs ὁ@dnfs γραφή@nnfsc φημί@vipa3s εἴτου@viia3p αἰσθητήριον@ngnpc εἰσάγω@vppanms θάνατος@namsc πᾶς@anans- μέν@b οὖν@b ὁ@dans ἐναντίος@anans- καί@cs ὁ@ddnp ἄλλος@rpgnp πάθος@ndnpc ἐλευθερία@nafsc δίδωμι@vira1p ὥσπερ@cs ὁ@dnmp βασιλεύς@nnmpc ὁ@dafp ἐπινίκιος@anafp- ἄφεσις@nafpc μόνος@b ἄν@cs πρός@p ἐγώ@rpamp νεύω@vspa3p καί@cs κατά@p θεός@ngmsc φέρω@vspe3p θρασύς@anans- καί@cs κακός@anams- οὐ@b καλός@angns- πρᾶγμα@ngnsc μισθός@namsc ἀντιδίδωμι@vipa1p ὁ@dgfs ἀσέβεια@ngfsc ὁ@dafs παρρησία@nafsc"
"Orat. 27_8","καίτοι@b ὦ@i διαλεκτικός@anvms- καί@cs λαλέω@nvmsc ἐρωτάω@vifa1s σύ@rpacs τις@rpans μικρός@anans- σύ@rpnms δέ@b ἀποκρίνω@vmam2s φημί@vipa3s ὁ@ddms ἰὼβ@ndmsp ὁ@dnms διά@p λαῖλαψ@ngfsc καί@cs νέφος@ngfpc χρηματίζω@vppanms πότερον@anans- πολύς@annfp- μονή@nnfpc παρά@p ὁ@ddms θεός@ndmsp ὅσπερ@rpans ἀκούω@vipa2s ἤ1@cs εἷς@annfs- πολύς@annfp- δίδωμι@vifa2s δηλαδή@b καί@cs οὐ@b εἷς@ πότερον@b δέ@b πληρόω@vnap-- δεῖ@viia3s πᾶς@anafp- ἤ1@cs ὁ@dafp μέν@b ὁ@dafp δέ@cs οὐ@b ὡς@cs εἰμί@vnpa-- κενός@anafp- καί@cs μάτην@b ἑτοιμάζω@vpreafp ναί@i πᾶς@anafp- οὐδείς@rpans γάρ@b εἰκῇ@b ὁ@dgnp παρά@p θεός@ngmsc γίγνομαι@vpamgnp οὗτος@anafs- δέ@b ὅς@cs τίς@rpans ποτέ@b τίθημι@vifa2s ὁ@dafs μονή@nafsc ἔχω@vopa2s ἄν@b εἶπον@vnaa-- ἄρα@b ὁ@dafs ἐκεῖθεν@b ἀνάπαυσις@nafsc τε@b καί@cs δόξα@nafsc ὁ@dafs ἀπόκειμαι@vpreafs ὁ@ddmp μακάριος@ndmpc ἤ1@cs ἄλλος@rpans τις@rpans οὐ@b ἄλλος@annns- ἤ1@cs οὗτος@rpnns ἐπεί@cs οὗτος@rpans ὁμολογέω@viaa1p καί@b ἐκεῖνος@rpans προσεξετάζω@vsaa1p εἰμί@vipa3s τις@rpnns ὁ@dnns οὗτος@anafp- προξενέω@vnpa-- ὁ@dafp μονάς@nafpc ὡς@cs ὁ@dnms ἐμός@annms- λόγος@nnmsc ἤ1@cs οὐδείς@rpnns εἰμί@vipa3s πάντως@b τίς@rpnns οὗτος@rpnns ὁ@dnns διάφορος@anafp- εἰμί@vnpa-- πολιτεία@nafpc καί@cs προαίρεσις@nafpc καί@cs ἄλλος@rpafs ἀλλαχοῦ@b φέρω@vnpa-- κατά@p ὁ@dafs ἀναλογία@nafsc ὁ@dgfs πίστις@ngfsc ὅσπερ@rpans καί@b ὁδός@nafpc ὀνομάζω@vipa1p πᾶς@anafp- οὖν@b ὁδεύω@annns- ἤ1@cs τις@rpafp ὁ@dgfp ὁδός@ngfpc οὗτος@angfp- εἰ@cs μέν@b οἷος@annns- τε@b ὁ@dams αὐτός@rpams ἅπας@anafp- εἰ@cs δέ@b μή@b ὅτι@cs πλεῖστος@anafp- εἰ@cs δέ@b μή@b τις@rpacp εἰ@cs δέ@b μη@b δέ@cs οὗτος@rpnns μέγας@annns- καί@b ἄν@b εἰ@cs εἷς@ διαφερόντως@b ὡς@cs γε@b ἐγώ@rpdcs φαίνω@vipe3s ὀρθός@b οὗτος@rpans ὑπολαμβάνω@vipa2s τίς@rpnns οὖν@b ὅταν@cs ἀκούω@vsaa2s εἷς@ ὁδός@nafsc εἰμί@vnpa-- καί@cs οὗτος@rpafs στενός@anafs- τίς@rpans σύ@rpdms φαίνω@vipe3s δηλόω@vnpa-- ὁ@dnms λόγος@nnmsc εἷς@ μέν@b διά@p ὁ@dafs ἀρετή@nafsc εἷς@annfs- γάρ@b καί@cs ἄν@cs εἰς@p πολύς@ananp- σχίζω@vspe3s στενός@anafs- δέ@b διά@p ὁ@damp ἱδρώς@nampc καί@b ὁ@dans μή@b πολύς@andmp- εἰμί@vnpa-- βατός@anafs- ὡς@cs πρός@p ὁ@dans πλῆθος@nansc ὁ@dgmp ἐναντίος@angmp- καί@cs ὅσος@annmp- διά@p ὁ@dgfs κακία@ngfsc ὁδεύω@vipa3p οὕτως@b καί@b ἐγώ@rpdcs δοκέω@vipa3s τίς@anans- οὖν@b ὦ@i βέλτιστος@anvms- εἴπερ@cs οὗτος@rpnns οὕτως@b ἔχω@vipa3s ὥσπερ@b τις@anafs- πενία@nafsc καταγιγνώσκω@vpaanmp ὁ@dgms ἡμέτερος@angms- λόγος@ngmsc πᾶς@anafp- ὁ@dafp ἄλλος@anafp- ὁδός@nafpc ἀφίημι@vpaanmp πρός@p εἷς@anafs- οὗτος@rpafs φέρω@vipe2p καί@cs ὠθέω@vmpe2p ὁ@dafs διά@p λόγος@ngmsc καί@cs θεωρία@ngfsc ὡς@cs μέν@b αὐτός@rpnmp οἴομαι@vipe2p ὡς@cs δέ@cs ἐγώ@rpnms φημί@vipa1s ἀδολεσχία@ngfsc καί@cs τερατεία@ngfsc ἐπιτιμάω@vmpa3s παῦλος@nnmsp σύ@rpdmp οὗτος@rpans πικρός@b ὀνειδίζω@vppanms μετά@p ὁ@dafs ἀπαρίθμησις@nafsc ὁ@dgnp χάρισμα@ngnpc ἐν@p ὅς@rpdnp φημί@vipa3s μή@nvfsp πᾶς@annmp- ἀπόστολος@annmp- μή@cs πᾶς@annmp- προφήτης@nnmpc καί@b ὁ@danp ἑξῆς@b"
"Orat. 27_9","ἕννυμι@vmra3s δέ@b ὑψηλός@annms- σύ@rpnms καί@b ὑψηλός@angmp- πέρα@b καί@b ὑπέρ@p ὁ@dafp νεφέλη@nafpc εἰ@cs βούλομαι@vipe2s ὁ@dnms ὁ@dgnp ἀθέατος@angmp- θεατής@nnmsc ὁ@dnms ὁ@dgmp ἄρρητος@angmp- ἀκροατής@nnmsc ὁ@dnms μετά@p ἠλίας@namsp μετάρσιος@nnmsc καί@b ὁ@dnms μετά@p μωυσῆς@namsp θεοφανεία@ngfsc ἀξιόω@vprenms καί@cs μετά@p παῦλος@namsp οὐράνιος@nnmsc τίς@rpans καί@b ὁ@damp ἄλλος@rpamp αὐθήμερος@b πλάσσω@vipa2s ἅγιος@anamp- καί@b χειροτονέω@vipa2s θεολόγος@nampc καί@cs οἷος@rpans ἐμπνέω@vipa2s ὁ@dafs παίδευσις@nafsc καί@cs ποιέω@vira2s λόγιον@angnp- ἀμαθής@angnp- πολύς@ananp- συνέδριον@nanpc τίς@rpans ὁ@ddnp ἀράχνιον@andnp- ὕφασμα@ndnpc ἐνδεσμέω@vipa2s ὁ@damp ἀσθενής@anampc ὡς@cs δή@x τις@rpnns σοφός@annns- καί@cs μέγας@annns- τίς@rpans σφηκιά@nafpc ἐγείρω@vipa2s κατά@p ὁ@dgfs πίστις@ngfsc τίς@rpans σχεδιάζω@vipa2s ἐγώ@rpdcp διαλεκτικός@vppanms ἀνάδοσις@nafsc ὥσπερ@cs ὁ@dnmp μῦθος@nnmpc dogma@annms- whether@cs ὑψ@b is@vmpa3s πηνίκα@vmpa2p or@b masc@b beyon@p the@ddnp heighus@nafpc or@cs beyon@p the@damp high@annmp- ones@nnmpc πάλαι@b ὁ@damp γίγας@nampc τίς@rpans ὁ@dgmp ἀνήρ@ngmpc ὅσος@anans- κοῦφος@anams- καί@cs ἄνανδρος@anams- ὥσπερ@cs τις@rpacs συρφετός@namsc εἰς@p εἷς@anafs- χαράδρα@nafsc συνάγω@vpaanms καί@cs κολακεία@ndfsc πλέος@anans- θηλύνω@vpaanms καινός@anans- ἀσέβεια@ngfsc ἐργαστήριον@nansc δημιουργέω@viaa2s οὐ@b ἄσοφος@b ὁ@dafs ἄνοια@nafsc αὐτός@rpgmp ἐκκαρπόω@vppenms ἀντιλέγω@vipa2s καί@b οὗτος@rpdnp καί@b οὐδαμοῦ@b σύ@rpdms ὁ@danp ἄλλος@rpanp καί@cs ὁ@dafs γλῶσσα@nafsc δεῖ@vipa3s δυναστεύω@vnpa-- πάντως@b καί@cs οὐ@b κατέχω@vipa2s ὁ@dafs ὠδίς@nafsc ὁ@dgms λόγος@ngmsc ἔχω@vipa2s καί@b ἄλλος@anafp- ὑπόθεσις@nafpc πολύς@anafp- τε@b καί@cs φιλότιμος@anafp- ἐκεῖ@b τρέπω@vmaa2s μετά@p ὁ@dgns χρήσιμος@angns- ὁ@dafs νόσος@nafsc βάλλω@vmpa2s ἐγώ@rpdms πυθαγόρας@ngmsp ὁ@dafs σιωπή@nafsc καί@b ὁ@damp κύαμος@nampc ὁ@damp ὀρφικός@anamp- καί@cs ὁ@dafs περί@p ὁ@dans αὐτός@rpnms φημί@viia3s καινός@anafsc ἀλαζονεία@nafsc βάλλω@vmpa2s ἐγώ@rpdms πλάτων@ngmsp ὁ@dafp ἰδέα@nafpc καί@b ὁ@dafp μεταγίγνομαι@nafpc καί@cs περίοδος@nafpc ὁ@dgfp ἡμέτερος@angfp- ψυχή@ngfpc καί@cs ὁ@dafp ἀνάμνησις@nafpc καί@cs ὁ@damp οὐ@b καλός@anamp- διά@p ὁ@dgnp καλός@angnp- σῶμα@ngnpc ἐπί@p ψυχή@nafsc ἔρως@nampc ἐπίκουρος@ngmsp ὁ@dafs ἀθεία@anafs- καί@cs ὁ@dafp ἄτομος@anafp- καί@cs ὁ@dafs ἀφιλόσοφος@anafs- ἡδονή@nafsc ἀριστοτέλης@ngmsp ὁ@dafs μικρολόγος@anafs- πρόνοια@nafsc καί@cs ὁ@dans ἔντεχνος@anans- καί@cs ὁ@damp θνητός@anamp- περί@p ψυχή@ngfsc λόγος@nampc καί@cs ὁ@dans ἀνθρωπικός@anans- ὁ@dgnp δόγμα@ngnpc ὁ@dgfs στοά@ngfsp ὁ@dafs ὀφρύς@nafsc ὁ@dgmp κύων@ngmpp ὁ@dans λίχνος@anans- τε@cs καί@cs ἀγοραῖος@anans- βάλλω@vmpa2s ἐγώ@rpdcs ὁ@dans κενός@anans- ὁ@dans πλήρης@anans- ὁ@dgnp λήλημα@ngnpc ὅσος@rpanp περί@p θεός@ngmpc ἤ1@cs θυσία@ngfpc περί@p εἴδωλον@ngnpc περί@p δαίμων@ngmpc ἀγαθός@angmp- τε@cs καί@cs κακοποιός@vppanms ὅσος@rpnnp περί@p μαντεία@ngfsc θεαγωγία@ngfsc ψυχαγωγία@ngfsc ἄστρον@ngnpc δύναμις@ngfsc τερατεύομαι@vipe3p εἰ@cs δέ@b σύ@rpncs οὗτος@rpanp μέν@b ἀπαξιόω@vspa2s λόγος@vmpe2s ὡς@cs μικρός@ananp- τε@cs καί@cs πολλάκις@b ἐλέγχω@vpreanp περί@p δέ@b ὁ@danp σός@ananp- στρέφω@vipe2s καί@cs ζητέω@vipa2s ὁ@dans ἐν@p οὗτος@rpdnp φιλότιμος@anans- ἐγώ@rpncs σύ@rpdms καί@b ἐνταῦθα@b παρέχω@vifm1s πλατύς@ngfsc ὁδός@nafpc φιλοσοφέω@vmpa2s ἐγώ@rpdcs περί@p κόσμος@ngmsc ἤ1@cs κόσμος@ngmpc περί@p ὕλη@ngfsc περί@p ψυχή@ngfsc περί@p λογικός@angfp- φύσις@ngfpc βελτίων@angfp- τε@cs καί@cs χείρων@ngfpc περί@p ἀνάστασις@ngfsc κρίσις@ngfsc ἀνταπόδοσις@ngfsc χριστός@angns- πάθημα@ngnpc ἐν@p οὗτος@rpdnp γάρ@b καί@b ὁ@dnns ἐπιτυγχάνω@vnpa-- οὐ@b ἄχρηστος@annns- καί@cs ὁ@dnns διαμαρτάνω@vnpa-- ἀκίνδυνος@annns- θεός@ndmsc δέ@b ἐντυγχάνω@vifm1p νῦν@b μέν@b ὀλίγος@ananp- μικρός@anans- δέ@cs ὕστερος@anans- ἴσως@b τέλειος@anans- ἐν@p αὐτός@andms- χριστός@andms- ἰησοῦς@ngmsp ὁ@ddms κύριος@ndmsc ἐγώ@rpgcp ὅς@rpdms ὁ@dnfs δόξα@nnfsc εἰς@p ὁ@damp αἰών@nampc ἀμήν@i"
